cd,title,address,category,menuName,menuPrice,phone,parking,holiday
341244,스시효 청담점,서울특별시 강남구 청담동 21-16,일본음식/초밥,"['점심 사시미코스', '점심스시코스', '디너 스시코스', '디너 사시미코스', '사시미 오마카세']","['85,000 원', '65,000 원', '145,000 원', '165,000 원']",02-545-0023,o,모름
242493,스시선수,서울특별시 강남구 신사동 651-16,일본음식/초밥,"['사시미코스 (저녁)', '저녁스시', '런치 오마카세', '디너 오마카세', '점심 장어덮밥', '점심 도미조림', '점심 지라시스시세트']","['160,000 원', '130,000 원', '110,000 원', '230,000 원', '60,000 원', '60,000 원', '60,000 원']",02-514-0812,o,연중무휴
133655,오가와,서울특별시 종로구 당주동 5,일본음식/초밥,"['런치정식', '디너코스', '포장']","['50,000 원', '70,000 원', '30,000 원']",02-735-1001,o,"정기휴무-매주(토,일)"
306640,스시고,서울특별시 서초구 반포동 94-10,일본음식/초밥,"['런치 코스', '디너 코스']","['48,000 원', '110,000 원']",02-595-4700,모름,"연휴-설날 전체,연휴-설날 전일,연휴-설날 당일,연휴-설날 익일,연휴-설날 대체공휴일,연휴-추석 전체,연휴-추석 전일,연휴-추석 당일,연휴-추석 익일,연휴-추석 대체공휴일"
352014,히까리,서울특별시 강남구 논현동 164-11,일본음식/초밥,"['고등어소바', '오마카세 - (월~토)', '단품스시 (13P)', '스끼야끼', '가리비 우니야끼']","['19,000 원', '90,000 원', '35,000 원', '36,000 원', '30,000 원']",070-4400-8788,o,연중무휴
316846,스시조,서울특별시 중구 소공동 87-1,일본음식/초밥,"['런치(hall)', '디너(hall)', '런치(room)', '디너(room)']","['124,000 원', '180,000 원', '156,000 원', '300,000 원', '136,000 원', '250,000 원', '180,000 원', '300,000 원']",02-317-0314,o,모름
346847,아리아께,서울특별시 중구 장충동2가 202,일본음식/초밥,"['스키야키', '홀런치세트', '룸런치세트']","['100,000 원', '95,000 원', '175,000 원', '115,000 원', '252,000 원']",02-2230-3356,o,모름
283819,우미노히,서울특별시 강남구 청담동 125,일본음식/초밥,['사시미 오마카세'],"['130,000 원', '200,000 원']",02-548-0995,o,모름
229438,스시 가이센,경기도 안양시 동안구 비산동 1115,일본음식/초밥,"['런치오마카세', '디너오마카세', '사시미오마카세(주문예약)']","['40,000 원', '60,000 원', '70,000 원']",031-386-4131,o,정기휴무-매주(일)
354668,스시쿤,경기도 성남시 분당구 정자동 15-3,일본음식/초밥,"['런치.스시코스', '런치.스시오마카세', '런치.사시미오마카세', '디너.오마카세']","['40,000 원', '55,000 원', '60,000 원', '90,000 원']",031-719-6972,x,연중무휴
354112,쥬안,서울특별시 강남구 청담동 97-8,일본음식/초밥,"['디너 단품코스', '오마카세']","['130,000 원', '150,000 원', '200,000 원']",02-512-4833,o,정기휴무-매주(일)
359809,스시만,서울특별시 서초구 방배동 1-3,일본음식/초밥,"['런치 오마카세', '디너 오마카세', '스시 포장']","['100,000 원', '200,000 원', '100,000 원']",02-533-0181,o,모름
240943,하쯔호,서울특별시 영등포구 여의도동 61,일본음식/초밥,"['스시 런치\n', '오마카세 런치', '스시 디너', '오마카세 디너']","['45,000 원', '70,000 원', '70,000 원', '100,000 원']",02-780-1634,o,"정기휴무-매주(목,일)"
345627,스시타츠,서울특별시 강남구 논현동 8-6,일본음식/초밥,['omakase'],[],02-514-3336,o,"연휴-설날 당일,연휴-추석 당일"
359733,스시코우지,서울특별시 강남구 청담동 1-1,일본음식/초밥,"['런치 카운터 스시오마카세', '런치 카운터 사시미오마카세', '런치 룸 스시코스', '런치 룸 사시미코스', '런치 룸 스시오마카세']","['110,000 원', '140,000 원', '65,000 원', '90,000 원', '100,000 원']",02-541-6200,o,연중무휴
365448,스시히카리,서울특별시 마포구 서교동 346-50,일본음식/초밥,"['런치 오마카세', '디너 스시오마카세', '런치 스시모리아와세', '디너 스시모리아와세', '1인사시미모리아와세']","['33,000 원', '40,000 원', '25,000 원', '35,000 원', '40,000 원']",0503-5798-0164,모름,정기휴무-매주(일)
269913,스시호산,대전광역시 서구 만년동 282,일본음식/초밥,['디너 오마카세'],"['180,000 원']",042-482-0053,o,"정기휴무-매주(토,일)"
365171,코지마,서울특별시 강남구 청담동 89,일본음식/초밥,"['런치 오마카세', '디너 오마카세', '에비수 생맥주']","['200,000 원', '380,000 원', '15,000 원']",02-2056-1291,o,정기휴무-매주(일)
256749,젠스시,부산광역시 해운대구 중동 209-1,일본음식/초밥,['스시 오마카세(저녁)'],"['120,000 원']",051-746-7456,o,정기휴무-매주(화)
359820,스시산,서울특별시 송파구 잠실동 242-9,일본음식/초밥,"['점심 스시코스', '오마카세', '저녁 스시코스', '스시오마카세', '사시미오마카세']","['40,000 원', '60,000 원', '80,000 원', '100,000 원', '130,000 원']",02-413-3337,x,모름
365401,이요이요스시 공덕1호점,서울특별시 마포구 공덕동 469,일본음식/초밥,"['Lunch 추천스시코스', 'Dinner 추천 사시미&스시코스']","['40,000 원', '60,000 원']",02-306-0372,o,정기휴무-매주(일)
256513,아오모리,부산광역시 해운대구 우동 1505,일본음식/초밥,"['런치스시', '런치오마카세', '런치 스페셜 A', '런치 스페셜 B', '디너 스시 오마카세', '디너 시아와세 코스', '디너 요로코비 코스', '디너 다노시미 코스']","['50,000 원', '70,000 원', '35,000 원', '45,000 원', '90,000 원', '80,000 원', '100,000 원', '130,000 원']",051-720-8200,o,연중무휴
367890,쿠마,서울특별시 영등포구 여의도동 44-13,일본음식/초밥,['오마카세\n'],"['70,000 원', '100,000 원']",02-2645-7222,o,정기휴무-매주(일)
360359,스시쿤,경기도 성남시 분당구 삼평동 670,일본음식/초밥,"['런치 스시코스', '런치 오마카세', '디너 스시코스', '디너 스시오마카세']","['40,000 원', '60,000 원', '85,000 원', '80,000 원']",031-628-6972,o,"연휴-설날 전체,연휴-설날 전일,연휴-설날 당일,연휴-설날 익일,연휴-설날 대체공휴일,연휴-추석 전체,연휴-추석 전일,연휴-추석 당일,연휴-추석 익일,연휴-추석 대체공휴일"
364249,스시호시카이,제주특별자치도 제주시 오라동 959-1,일본음식/초밥,"['점심 오마카세', '저녁 오마카세']","['120,000 원', '190,000 원']",064-713-8838,o,모름
345628,스시마츠모토,서울특별시 강남구 청담동 97-8,일본음식/초밥,"['런치 오마카세', '디너 오마카세']","['130,000 원', '250,000 원']",02-543-4334,o,연중무휴
325106,가미,부산광역시 해운대구 우동 1520,일본음식/초밥,"['가미 A코스', '가미 B코스']","['70,000 원', '80,000 원']",051-746-5252,o,정기휴무-매주(일)
375271,스시인,서울특별시 강남구 신사동 645-28,일본음식/초밥,"['런치 오마카세', '스시 오마카세', '사시미 오마카세']","['150,000 원', '220,000 원', '270,000 원']",02-543-7636,모름,정기휴무-매주(일)
243970,김수사,서울특별시 강남구 논현동 4-19,일본음식/초밥,"['점심 스시코스', '저녁 특사시미 코스', '저녁 사시미코스', '저녁 스시코스']","['50,000 원', '90,000 원', '70,000 원', '70,000 원']",02-542-5235,모름,"연휴-설날 전체,연휴-설날 전일,연휴-설날 당일,연휴-설날 익일,연휴-설날 대체공휴일,연휴-추석 전체,연휴-추석 전일,연휴-추석 당일,연휴-추석 익일,연휴-추석 대체공휴일"
372430,스시타노,서울특별시 서초구 반포동 107-32,일본음식/초밥,"['런치 오마카세', '런치 오마카세 스페셜', '저녁 오마카세', '저녁 오마카세 스페셜']","['45,000 원', '60,000 원', '95,000 원', '120,000 원']",02-593-1600,x,연중무휴
363711,스시산원,서울특별시 강남구 삼성동 142-7,일본음식/초밥,"['런치 오마카세', '디너 오마카세']","['70,000 원', '140,000 원']",02-557-5656,o,정기휴무-매주(일)
365921,타마유라 JW메리어트,서울특별시 서초구 반포동 19-3,일본음식/초밥,"['가이세키 코스 중식 시작가', '가이세키 코스 석식', '데판야키 코스 중식', '데판야키 코스 석식', '오마카세 스시 코스 중식', '오마카세 스시 코스 석식']","['120,000 원', '250,000 원', '160,000 원', '250,000 원', '150,000 원', '210,000 원']",02-6282-6752,o,모름
360816,스시코마츠,서울특별시 강남구 신사동 624-19,일본음식/초밥,"['런치오마카세', '디너오마카세']","['80,000 원', '160,000 원']",02-515-1177,o,연중무휴
365446,기요다스시,東京都 中央区 銀座 6-3-15,일본음식/초밥,['오마카세'],"['300,000 원']",03-3572-4854,모름,연중무휴
359273,스시미토,서울특별시 중구 다동 88,일본음식/초밥,"['런치 오마카세', '디너 스시 코스', '디너 오마카세']","['60,000 원', '88,000 원', '120,000 원']",02-3789-1634,o,정기휴무-매주(일)
842156,스시려 프리미엄,서울특별시 서초구 서초동 1337-2 ,일본음식/초밥,"['런치 오마카세', '프리미엄 오마카세']","['60,000 원', '120,000 원']",02-525-0900,o,모름
251284,카우리 그랜드하얏트서울,서울특별시 용산구 한남동 747-7,일본음식/초밥,"['사시미 점심 세트', '스시 점심 세트', '모둠 스시 점심', '모둠 스시 저녁', '사시미 코스']","['75,000 원', '70,000 원', '75,000 원', '85,000 원', '170,000 원']",02-799-8271,모름,연중무휴
481809,스시소라 대치점,서울특별시 강남구 대치동 894,일본음식/초밥,"['런치 카운터 시오마카세', '디너 카운터 시오마카세 ', '룸 스시코스', '스시오마카세', '사시미오마카세']","['45,000 원', '70,000 원', '55,000 원', '70,000 원', '120,000 원']",02-567-8200,x,"연휴-설날 전체,연휴-설날 전일,연휴-설날 당일,연휴-설날 익일,연휴-설날 대체공휴일,연휴-추석 전체,연휴-추석 전일,연휴-추석 당일,연휴-추석 익일,연휴-추석 대체공휴일"
371863,니혼슈바 슈토,서울특별시 강남구 도곡동 947-11,일본음식/초밥,"['디너 오마카세', '요리 오마카세', '다이콘 사라다', '슈토 크림치즈', '시메사바']","['55,000 원', '45,000 원', '12,000 원', '7,000 원', '16,000 원']",070-8251-0213,o,정기휴무-매주(일)
360931,스시쇼우키,서울특별시 강남구 역삼동 673-29,일본음식/초밥,"['런치 스시 오마카세', '디너 스시 오마카세', '런치 스시코스', '스페셜사시미코스']","['50,000 원', '88,000 원', '35,000 원', '110,000 원']",02-333-3355,모름,정기휴무-매주(일)
373730,스시이와,인천광역시 연수구 송도동 23-4,일본음식/초밥,"['오마카세', '이와스페셜', '런치오마카세(평일)', '어린이세트']","['100,000 원', '120,000 원', '60,000 원', '15,000 원']",032-278-5725,o,모름
368139,텐메이,인천광역시 연수구 송도동 23-5,일본음식/초밥,"['LUNCH 오마카세', 'DINNER 오마카세', '간바레 코스']","['40,000 원', '70,000 원', '28,000 원']",032-834-8253,o,정기휴무-매주(일)
377614,스시쇼부 본점,서울특별시 은평구 응암동 85-4,일본음식/초밥,"['스시코스A(7pcs)', '스시코스B(10pcs)', '모듬스시(10pcs)', '광어스시(10pcs)', '연어스시(10pcs)']","['15,000 원', '19,000 원', '15,000 원', '17,000 원', '17,000 원']",02-385-0045,x,정기휴무-매주(화)
377283,스시에비스,서울특별시 강남구 신사동 577-7 1층,일본음식/초밥,"['런치 오마카세', '런치 룸', '런치 룸 오마카세', '디너 스시 오마카세', '디너 사시미 오마카세']","['60,000 원', '45,000 원', '60,000 원', '110,000 원', '140,000 원']",02-6012-0045,o,"연휴-설날 전일,연휴-설날 당일,연휴-설날 익일,연휴-추석 전일,연휴-추석 당일,연휴-추석 익일"
1116028,아루히,서울특별시 영등포구 여의도동 35-5,일본음식/초밥,"['오마카세 런치', '오마카세 디너']","['33,000 원', '35,000 원']",02-780-3903,모름,모름
482350,스시키무,서울특별시 영등포구 여의도동 43-4,일본음식/초밥,"['런치 스시코스', '디너 오마카세', '디너 스시코스', '포장 A(초밥14개 회2개)', '포장 B(초밥12개)']","['45,000 원', '90,000 원', '65,000 원', '39,000 원', '30,000 원']",02-785-0408,모름,정기휴무-매주(일)
375272,스시 카이세이,서울특별시 강남구 신사동 635-7,일본음식/초밥,"['런치 오마카세', '디너 오마카세']","['90,000 원', '180,000 원']",02-515-2700,o,모름
372735,스시다마,서울특별시 양천구 목동 406-77,일본음식/초밥,"['런치 오늘의 스시', '런치 주방장 오카카게', '디너 오늘의스시', '디너 주방장 스시 오마카세', '(디너)주방장 사시미 오마카세']","['25,000 원', '45,000 원', '35,000 원', '55,000 원', '75,000 원']",02-2601-0009,o,정기휴무-매주(일)
480456,타쿠미곤 ,서울특별시 서초구 반포동 107-43,일본음식/초밥,"['점심 오마카세', '코코로', '저녁 오마카세', '타쿠미곤']","['100,000 원', '150,000 원', '200,000 원', '250,000 원']",02-595-1935,o,연중무휴
371518,키노야,경기도 구리시 토평동 975-8,일본음식/초밥,"['살치살 찹스테이크', '도미머리조림', '알리오올리오파스타']","['18,000 원', '20,000 원', '15,000 원']",0503-5798-0253,모름,정기휴무-매주(일)
242377,타마스시,서울특별시 영등포구 여의도동 13-21,일본음식/초밥,"['스시런치', '오마카세(주말,저녁)']","['60,000 원', '120,000 원']",02-785-1634,모름,연중무휴
415709,제주서문수산,제주특별자치도 제주시 용담동 135-9,일본음식/초밥,"[' 코스 요리  2인 ', '코스 요리 3인', '코스요리 4인', '코스요리 5인']","['150,000 원', '180,000 원', '240,000 원', '870,000 원']",064-722-3021,모름,정기휴무-매주(화)
377301,스시아오이,경기도 성남시 분당구 정자동 166-1 ,일본음식/초밥,"['런치 스시오마카세', '디너 스시코스', '디너 사시미스페셜 오마카세']","['35,000 원', '55,000 원', '70,000 원']",031-717-7793,모름,정기휴무-매주(일)
482765,스시기요세,서울특별시 강남구 신사동 648-20,일본음식/초밥,"['런치 오마카세 (스시)', '디너 오마카세', '런치 룸 사시미코스', '런치 룸 스시코스', '디너 룸 사시미코스']","['110,000 원', '200,000 원', '75,000 원', '65,000 원', '170,000 원']",02-511-2585,모름,정기휴무-매주(일)
482190,스시카메,경기도 고양시 일산동구 백석동 1318-4,일본음식/초밥,"['카운터 Lunch A코스', '카운터 Lunch B코스', '카운터 Dinner 스시 오마카세']","['60,000 원', '50,000 원', '130,000 원']",031-901-4843,모름,정기휴무-매주(월)
382879,스시료코,경기도 성남시 분당구 수내동 4-2,일본음식/초밥,"['스시코스 (런치)', '스시코스 (디너)']","['40,000 원', '60,000 원']",031-719-2013,o,정기휴무-매주(일)
377616,스시토와,서울특별시 마포구 상암동 12-74,일본음식/초밥,"['점심', '저녁']","['38,000 원', '90,000 원']",0503-5798-3096,모름,"정기휴무-매월 첫째주(월),정기휴무-매월 셋째주(월),정기휴무-매주(일)"
481773,스시 시미즈,서울특별시 강남구 신사동 631-18,일본음식/초밥,"['점심 스시코스 a', '점심 스시코스 b', '점심 스시코스 c', '저녁 스시 오마카세', '저녁 사시미 오마카세']","['55,000 원', '77,000 원', '110,000 원', '135,000 원', '165,000 원']",02-543-0887,모름,"연휴-설날 전일,연휴-설날 당일,연휴-설날 익일,연휴-추석 전일,연휴-추석 당일,연휴-추석 익일"
252465,스시토푸,서울시 광진구 광장동 326-13,일본음식/초밥,"['런치세트', '세트메뉴', '세트B 2인', '모듬초밥', '오마카세']","['11,000 원', '13,000 원', '48,000 원', '28,000 원', '45,000 원']",070-7624-9671,모름,연중무휴
368327,가이센,서울특별시 서초구 반포동 58-6,일본음식/초밥,['오마카세코스'],"['40,000 원']",070-7715-8149,x,연중무휴
1206606,스시스미레,서울특별시 강남구 청담동 88-6,일본음식/초밥,"['런치 오마카세 ', '디너 오마카세 ']","['90,000 원', '180,000 원']",02-547-8807,모름,모름
379400,도마,서울특별시 용산구 용산동5가 2-30,일본음식/초밥,"['특도마(쉐프특선)(사시미,스시중선택가능)', '도마(사시미,스시중 선택가능)', '특도마(사시미&스시)반반', '런치스시오마카세(저녁테이블가능)', '도마정식(테이블)']","['90,000 원', '70,000 원', '110,000 원', '55,000 원', '45,000 원']",02-798-2324,모름,모름
377606,스시고코로,서울특별시 용산구 한남동 72-1,일본음식/초밥,"['런치', '디너(오마카세)']","['50,000 원', '110,000 원']",02-790-1182,o,모름
373582,삼송초밥,부산광역시 중구 창선동1가 13-1,일본음식/초밥,"['모밀정식', '참치회코스', '삼송특선(오마카세)']","['11,000 원', '16,000 원', '80,000 원', '130,000 원', '80,000 원', '120,000 원']",051-245-7870,x,정기휴무-매주(일)
480718,쿠시마사 본점,서울특별시 강남구 논현동 61-13,일본음식/초밥,['쿠시아게오마카세 (저녁만가능)'],"['120,000 원']",02-546-0456,모름,정기휴무-매주(일)
367945,우미,부산광역시 해운대구 우동 1407,일본음식/초밥,"['스시오마카세 1인', '사시미오마카세 1인']","['120,000 원', '140,000 원']",051-747-0295,o,정기휴무-매주(일)
255560,문스시 도곡점,서울특별시 강남구 도곡동 420-2,일본음식/초밥,"['벨류스페셜 코스\n', '스페셜 코스', '오마카세 사시미']","['120,000 원', '80,000 원', '109,000 원']",02-572-4202,모름,모름
429782,스시 텐메이,인천광역시 남동구 구월동 1132-19,일본음식/초밥,"['디너 오마카세', '텐메이 런치 오마카세', '디너 스시코스', '디너 사시미코스']","['77,000 원', '38,000 원', '55,000 원', '66,000 원']",032-446-8253,o,정기휴무-매주(일)
377605,삿뽀로블랙 여의도IFC점,서울특별시 영등포구 여의도동 23,일본음식/초밥,"['런치정식', '디너정식', '런치 오마카세']","['42,000 원', '65,000 원', '75,000 원']",02-6137-3060,o,연중무휴
1210179,스시도우,서울특별시 서초구 서초동 1544-10,일본음식/초밥,"['평일 런치', '주말 런치', '오마카세 디너']","['40,000 원', '70,000 원', '70,000 원']",02-588-8011,모름,정기휴무-매주(월)
445004,세야스시,경기도 화성시 반송동 93-6,일본음식/초밥,"['런치 오마카세', '디너 오마카세']","['130,000 원', '230,000 원']",031-8015-2216,o,정기휴무-매주(월)
365907,스시츠루,서울특별시 강남구 역삼동 823-26,일본음식/초밥,"['런치오마카세', '디너 오마카세', '사시미 오마카세\n']","['35,000 원', '75,000 원', '90,000 원']",050-6515-0993,모름,모름
80170,스시유,서울특별시 강남구 대치동 949-1,일본음식/초밥,"['런치메뉴 오마카세A', '디너메뉴 오마카세A', '런치메뉴 오마카세B', '디너메뉴 오마카세B']","['68,000 원', '98,000 원', '88,000 원', '145,000 원']",02-553-7870,모름,연중무휴
1259636,스시 소우카이,서울특별시 서대문구 북가좌동 295-18 1층,일본음식/초밥,"['런치 오마카세', '디너 오마카세', '고젠슈', '아카부 준마이']","['35,000 원', '45,000 원', '70,000 원', '70,000 원']",070-4175-3331,x,모름
479876,스시카이신,서울특별시 강남구 청담동 57-3,일본음식/초밥,['카운터 오마카세'],"['250,000 원']",02-515-9855,모름,정기휴무-매주(일)
377608,스시유키,서울특별시 강남구 신사동 600-16,일본음식/초밥,"['디너 룸 츠마미코스', '런치 룸 오마카세', '런치 룸 스시코스', '런치 카운터 오마카세', '디너 카운터 오마카세']","['120,000 원', '60,000 원', '45,000 원', '60,000 원', '150,000 원']",02-3444-2534,x,연중무휴
372674,스시키 ,서울특별시 강남구 역삼동 683-2,일본음식/초밥,"['디너 스시오마카세', '런치', '디너 사시미오마카세']","['90,000 원', '45,000 원', '110,000 원']",02-539-2008,o,연중무휴
373917,스시산원 청,서울특별시 강남구 역삼동 735-17,일본음식/초밥,"['점심', '저녁']","['50,000 원', '80,000 원']",02-538-5550,o,모름
355226,키무스시,경기도 안산시 단원구 고잔동 537-2 . 중앙상가 1층 124호,일본음식/초밥,"['코스A', '오마카세 스시', '사사미정식A']","['12,000 원', '30,000 원', '20,000 원']",031-411-0603,모름,모름
850722,스시 오오시마,서울특별시 성북구 성북동 58-16   ,일본음식/초밥,"['런치 스시오마카세', '디너 스시오마카세']","['30,000 원', '50,000 원']",모름,모름,모름
255428,구상노사카바,서울특별시 중구 남대문로5가 395,일본음식/초밥,"['오마카세', '이자카야', '차돌숙주']","['20,000 원']",02-317-3240,o,모름
1128845,스시카나에,서울특별시 강남구 청담동 96-22,일본음식/초밥,"['런치오마카세', '디너오마카세']","['60,000 원', '120,000 원']",02-516-3350,모름,모름
1271109,스시다온,서울특별시 노원구 월계동 59-3,일본음식/초밥,"['런치 오마카세', '디너 오마카세']","['39,000 원', '39,000 원']",02-941-9991,모름,정기휴무-매주(일)
1265316,여래여거,서울특별시 서대문구 대현동 33-14 1층 여래여거,일본음식/초밥,['오마카세 디너'],"['39,000 원']",0503-5798-3051,x,"정기휴무-매주(월,일)"
366703,스시미 라페스타점,경기도 고양시 일산동구 장항동 775-1 일산마이다스오피스텔 107호,일본음식/초밥,"['초밥우동세트', '모듬스시', '오마카세']","['8,000 원', '16,000 원', '50,000 원']",031-811-1125,모름,정기휴무-매주(월)
1137926,조리인,서울특별시 강남구 신사동 666-27,일본음식/초밥,"['스시오마카세', '사시미 오마카세']","['90,000 원', '150,000 원']",02-517-3355,모름,모름
1232886,코슌,서울특별시 강남구 신사동 626-71,일본음식/초밥,"['네기마(다릿살대파)', '테바나카(날개)', '오마카세', '세미 오마카세', '룸 코스']","['3,500 원', '4,000 원', '58,000 원', '38,000 원', '78,000 원']",모름,o,정기휴무-매주(일)
365905,가네끼스시 ,서울특별시 동작구 신대방동 395-69,일본음식/초밥,"['런치 스시 B', '주말런치오마카세', '디너스시', '디너오마카세']","['66,000 원', '90,000 원', '90,000 원', '120,000 원']",02-831-3472,모름,정기휴무-매주(일)
1260209,스시민종우,대구광역시 수성구 범어동 64-9,일본음식/초밥,"['점심 오마카세', '저녁 오마카세']","['77,000 원', '140,000 원']",053-754-8899,o,정기휴무-매주(일)
955842,스시이쵸우,충청남도 천안시 서북구 불당동 1638,일본음식/초밥,"['디너 이쵸우 오마카세', '스페셜 디너 이쵸우 오마카세']","['120,000 원', '150,000 원']",041-556-2322,모름,정기휴무-매주(월)
1269507,스시모토이,서울특별시 강남구 청담동 20-2   ,일본음식/초밥,"['런치 오마카세 ', '디너 오마카세']","['100,000 원', '200,000 원']",0503-5798-3075,모름,정기휴무-매주(일)
1068930,스시야,경기도 성남시 분당구 정자동 165-1,일본음식/초밥,"['점심 스시오마카세', '저녁 스시/사시미 오마카세']","['60,000 원', '130,000 원']",031-717-6689,모름,모름
359537,모모야마 롯데호텔부산,부산광역시 부산진구 부전동 503-15,일본음식/초밥,"['정식', '모둠회', '코스']","['79,000 원', '83,000 원', '150,000 원', '135,000 원', '250,000 원']",051-810-6360,o,연중무휴
405388,이노찌,제주특별자치도 제주시 삼도2동 594-5,일본음식/초밥,"['런치 오마카세', '디너 오마카세']","['100,000 원', '150,000 원']",064-753-1634,모름,"정기휴무-매주(일,월)"
466933,스시오마카세,경기도 성남시 분당구 정자동 174-1 더샵스타파크,일본음식/초밥,"['점심)오마카세 스시', '저녁)오마카세 스시']","['18,000 원', '33,000 원']",031-714-4645,모름,연중무휴
482194,스시류코,서울특별시 강남구 신사동 652-11,일본음식/초밥,"['런치 오마카세 ', '디너 오마카세', '점심오마카세', '저녁오마카세']","['80,000 원', '160,000 원', '70,000 원', '150,000 원']",02-543-7477,모름,모름
1271160,스시하네,서울특별시 강남구 신사동 636-16   ,일본음식/초밥,"['런치 스시오마카세', '디너스시오마카세']","['150,000 원', '300,000 원']",0503-5798-0768,모름,모름
1269505,스시코테이,서울특별시 강남구 신사동 620,일본음식/초밥,"['런치 오마카세', '디너 오마카세']","['80,000 원', '140,000 원']",02-515-2684,모름,정기휴무-매주(일)
1250350,스시기요이,서울특별시 강남구 신사동 631-32   ,일본음식/초밥,"['런치 오마카세 ', '디너 오마카세 ', 'Take out']","['100,000 원', '200,000 원', '60,000 원']",02-512-8678,모름,정기휴무-매주(월)
1221863,스시 장종현,서울특별시 강남구 청담동 121-30 2층,일본음식/초밥,"['프라이빗스시카운터', '런치오마카세', '디너 스시', '디너오마카세', '초밥포장']","['0 원', '90,000 원', '110,000 원', '150,000 원', '60,000 원']",02-517-0805,모름,모름
1100422,스시이토,서울특별시 강남구 신사동 656-15,일본음식/초밥,"['런치 오마카세 1인', '디너 오마카세 1인']","['80,000 원', '180,000 원']",02-543-2425,모름,모름
844539,스시진수,서울특별시 서초구 서초동 1685-8,일본음식/초밥,"['디너 스시오마카세', '디너 사시미/스시오마카세', '런치 스시오마카세']","['80,000 원', '105,000 원', '50,000 원']",02-535-7100,o,정기휴무-매주(일)
480868,스시키요시,서울특별시 강남구 청담동 97-8,일본음식/초밥,"['스시 오마카세 (점심)', '사시미 오마카세 (점심)', '오마카세 (저녁)']","['60,000 원', '80,000 원', '160,000 원']",02-544-2023,o,정기휴무-매주(일)
362120,마구로정,세종특별자치시 도담동 668 도담프라자 201호 202호,일본음식/초밥,"['런치정식 (기본2.5/스페셜3.5/오마카세5.0)', '디너코스요리 (기본4.0/스페셜6.0/비지니스8.0/오마카세10.0)', '스페셜 스시', '알탕/대구탕', '참다랑어 대뱃살(오도로)10pcs']","['25,000 원', '40,000 원', '30,000 원', '10,000 원', '60,000 원']",044-866-9488,모름,모름
1100392,스시요아케,서울특별시 강남구 신사동 648-14,일본음식/초밥,"['런치 오마카세', '디너 오마카세']","['130,000 원', '270,000 원']",0503-5798-2416,모름,모름
846187,스시 나미키,서울특별시 강남구 논현동 241-1,일본음식/초밥,"['점심 테이블/룸 스시코스', '저녁 테이블/룸 코스', '점심 카운터 오마카세', '저녁 카운터 오마카세']","['45,000 원', '120,000 원', '60,000 원', '150,000 원']",02-6368-7953,모름,정기휴무-매주(월)
1225921,유키즈시,서울특별시 강남구 대치동 996-16,일본음식/초밥,"['런치 니기리 1인', '디너', '키타야 토쿠베츠준마이 유메잇콘', '우고노츠키 토쿠베츠준마이', '우고노츠키 야마하이준마이']","['50,000 원', '110,000 원', '75,000 원', '80,000 원', '85,000 원']",02-501-6833,모름,모름
617026,스시유카이,경기도 수원시 영통구 이의동 1309-2,일본음식/초밥,"['런치스시', '디너 스시', '런치 오마카세', '디너 오마카세']","['35,000 원', '65,000 원', '50,000 원', '80,000 원']",070-4069-6564,o,"연휴-설날 당일,연휴-추석 당일"
377611,스시카와,서울특별시 강남구 도곡동 424-8 지하1층,일본음식/초밥,"['점심 스시코스', '저녁스시오마카세']","['35,000 원', '65,000 원']",02-573-0538,모름,연중무휴
368397,스시이소,서울특별시 중구 충무로2가 52-9,일본음식/초밥,"['런치 스시코스(A)', '런치 스시코스(B)', '디너 스시코스', '디너 사시미코스', '디너 오마카세']","['25,000 원', '35,000 원', '55,000 원', '65,000 원', '88,000 원']",02-2263-4401,모름,연중무휴
377609,스시아이,서울특별시 영등포구 여의도동 13-5,일본음식/초밥,"['점심스시코스', '저녁스시코스', '저녁오마카세코스']","['44,000 원', '66,000 원', '88,000 원']",02-782-0106,모름,"정기휴무-매주(토,일)"
324803,스시코우,강원도 강릉시 교동 1832-3,일본음식/초밥,"['카운터', '룸']","['85,000 원', '55,000 원']",033-655-7773,모름,모름
1271205,아타리,서울특별시 성동구 성덕정19길 13,일본음식/초밥,"['오마카세 1부', '오마카세 2부']","['20,000 원', '35,000 원']",모름,모름,"정기휴무-매주(월,화)"
1031111,스시소라 광화문점,서울특별시 종로구 종로1가 24,일본음식/초밥,"['런치-스시 코스', '런치-스시 오마카세', '디너-스시 코스', '디너-스시 오마카세']","['35,000 원', '45,000 원', '55,000 원', '70,000 원']",02-733-8400,모름,정기휴무-매주(월)
480074,우마이초밥,서울특별시 관악구 봉천동 7-283 ,일본음식/초밥,"['오늘의 초밥 10p', '특모듬 초밥 12p']","['10,000 원', '15,000 원']",02-871-2330,모름,정기휴무-매주(월)
421343,스시나기,경기도 포천시 소흘읍 송우리 729-4 대한프라자Ⅰ,일본음식/초밥,"['모듬스시', '디너스시&사시미코스', '특선모듬스시', '쉐프오마카세']","['13,000 원', '29,000 원', '22,000 원', '75,000 원']",0503-5798-0421,o,모름
872805,스시산원 경,서울특별시 종로구 내수동 75,일본음식/초밥,"['런치 스시오마카세', '디너 스시오마카세']","['45,000 원', '70,000 원']",02-733-7770,모름,정기휴무-매주(일)
1095889,토리고야 춘일,부산광역시 부산진구 부전2동 168-397,일본음식/초밥,"['1부 1인 오마카세', '2부 1인 오마카세']","['45,000 원', '18,000 원']",051-819-7779,x,모름
1077140,쿠시카와,서울특별시 강남구 도곡동 455-4,일본음식/초밥,['쿠시아게 오마카세'],"['80,000 원']",02-579-0538,x,정기휴무-매주(일)
1099555,무니,서울특별시 강남구 청담동 13-3,일본음식/초밥,"['무니 오마카세', '무니 사케코스']","['119,000 원', '49,000 원']",02-511-1303,o,모름
1269974,호시노소라,서울특별시 서초구 서초동 1553-5,일본음식/초밥,"['디너 사시미 오마카세', '사케페어링 5종류 ', '런치오마카세']","['120,000 원', '55,000 원', '45,000 원']",02-522-4500,모름,모름
1269672,스시산원 궁,서울특별시 종로구 중학동 19,일본음식/초밥,"['런치 오마카세', '디너 오마카세']","['50,000 원', '80,000 원']",02-733-0918,모름,모름
1219557,스시우미,서울특별시 용산구 한강로2가 420,일본음식/초밥,"['점심 오마카세', '저녁 오마카세']","['40,000 원', '60,000 원']",02-797-0887,모름,모름
1060788,스시아라타,서울특별시 영등포구 당산동3가 158-1,일본음식/초밥,"['디너 스시오마카세', '런치 스시오마카세']","['70,000 원', '70,000 원']",02-2636-9417,모름,정기휴무-매주(월)
481396,요시노 ,제주특별자치도 제주시 애월읍 고성리 934,일본음식/초밥,"['런치 오마카세', '디너 오마카세 사진']","['48,000 원', '88,000 원']",064-799-2382,o,정기휴무-매주(일)
1183361,스시사카우,서울특별시 강남구 신사동 627-27,일본음식/초밥,"['런치 스시오마카세', '디너 스시오마카세']","['50,000 원', '88,000 원']",0503-5798-2748,모름,정기휴무-매주(월)
962785,스시호기,충청남도 천안시 서북구 백석동 150-2,일본음식/초밥,"['런치 스시오마카세A', '런치 스시오마카세B', '디너 스시오마카세', '디너 사시미스시오마카세', '포장A', '포장B']","['20,000 원', '30,000 원', '30,000 원', '45,000 원', '20,000 원', '30,000 원']",0503-5798-1535,모름,정기휴무-매주(월)
359756,구루메스시,서울특별시 강남구 논현동 122-8 116호,일본음식/초밥,"['런치 구루메스시', '오마카세 스시', '생선회코스']","['40,000 원', '60,000 원', '110,000 원']",02-517-0709,모름,모름
366704,스시미 ,경기도 고양시 일산동구 백석동 1313 더루벤스카운티 1층,일본음식/초밥,"['스시미런치', '특모듬스시', '모둠안주', '셰프추천A', '셰프추천B']","['15,000 원', '25,000 원', '5,000 원', '35,000 원', '45,000 원']",031-909-1124,모름,정기휴무-매주(일)
256161,스시바 하루 ,울산광역시 남구 삼산중로84번길 5-10,일본음식/초밥,"['점심특선 -특상 스시', '저녁 스시 코스 -특상', '저녁 스시 코스 -오마카세']","['28,000 원', '33,000 원', '55,000 원']",052-268-4846,모름,정기휴무-매주(월)
1271257,스시 결,서울특별시 강남구 신사동 645-1,일본음식/초밥,"['런치 오마카세', '디너 오마카세', '런치 룸 오마카세', '런치 룸 스시코스', '디너 룸 오마카세']","['120,000 원', '220,000 원', '100,000 원', '80,000 원', '200,000 원']",02-518-5266,모름,"정기휴무-매월 첫째주(월),정기휴무-매월 셋째주(월),정기휴무-매주(일)"
1269888,제주 드림타워 유메야마,제주특별자치도 제주시 노형동 925,일본음식/초밥,"['유메야마 스시 오마카세', '유메야마 테판 오마카세', '스시 모리아와세 (스시 8종)', '사시미 모리아와세 (사시미 8종)', '[런치 세트 메뉴] 장어덮밥']","['150,000 원', '180,000 원', '54,000 원', '54,000 원', '48,000 원']",064-907-1234,o,"정기휴무-매주(수,화)"
1012574,하찌,제주특별자치도 서귀포시 호근동 477-4,일본음식/초밥,['오마카세'],"['130,000 원']",0503-5798-1912,o,정기휴무-매주(일)
319321,스시준,서울특별시 마포구 공덕동 242-15,일본음식/초밥,"['점심특선', '저녁특선', '혼마구로', '점심오마카세', '저녁오마카세']","['15,000 원', '30,000 원', '70,000 원', '30,000 원', '60,000 원']",02-706-8111,모름,정기휴무-매주(일)
373175,스시앤,제주특별자치도 제주시 이도2동 1053-1,일본음식/초밥,"['런치오마카세', '디너오마카세']","['70,000 원', '120,000 원']",064-726-9696,모름,모름
826685,와슈다이닝 슈토,서울특별시 강남구 논현동 81-10,일본음식/초밥,"['오마카세 코스', '오마카세 코스 2']","['55,000 원', '77,000 원']",02-6013-0214,o,정기휴무-매주(일)
1255514,스시츠바사,서울특별시 강남구 신사동 517-35 1층,일본음식/초밥,"['런치오마카세(예정)', '디너오마카세']","['35,000 원', '90,000 원']",070-4248-9198,o,모름
1114483,쿠시토쿡,서울특별시 강남구 신사동 544-7,일본음식/초밥,"['1F 캐주얼 오마카세 • 워크인', '2F 프리미엄 오마카세 • 예약제', '1F 하프 • 워크인 (21:00~ 22:30)', '런치 정식 • 워크인 (12:00~14:00)']","['65,000 원', '130,000 원', '38,000 원', '25,000 원']",02-544-5447,모름,정기휴무-매주(일)
1102297,제주이와이,제주특별자치도 제주시 애월읍 하귀2리 2420-1,일본음식/초밥,['오마카세'],"['170,000 원']",0503-5798-2426,o,정기휴무-매주(월)
1052034,스시쿠루미,서울특별시 강남구 청담동 20-30,일본음식/초밥,"['런치 오마카세', '디너 오마카세', '런치 오마카세', '디너 오마카세']","['110,000 원', '250,000 원', '150,000 원', '330,000 원']",02-545-2030,모름,모름
1041058,코스모스시,서울특별시 송파구 잠실동 249,일본음식/초밥,['오마카세'],"['70,000 원']",0503-5798-2059,모름,정기휴무-매주(일)
874449,카메스시,서울특별시 강남구 논현동 254-26,일본음식/초밥,"['Lunch omakase', 'Dinner omakase']","['45,000 원', '100,000 원']",0503-5798-1416,모름,모름
1271322,스시 이루카,부산광역시 해운대구 우동 1408,일본음식/초밥,"['디너 오마카세', '런치 오마카세']","['80,000 원', '45,000 원']",0503-5798-3417,o,정기휴무-매주(월)
1270085,스시상,광주광역시 동구 서석동 91-25,일본음식/초밥,"['런치 오마카세', '디너 오마카세']","['80,000 원', '120,000 원']",062-372-9310,o,정기휴무-매주(월)
1249953,스시모리,충청남도 천안시 서북구 불당동 1544 상가 15동 D110,일본음식/초밥,"['런치 카운터 스시 오마카세', '디너 카운터 스시 오마카세']","['30,000 원', '70,000 원']",041-553-1411,모름,모름
1219617,소야일식,서울특별시 은평구 불광동 13-7 더클래스 1층,일본음식/초밥,"['디너 (오마카세)', '심야']","['52,000 원', '25,000 원']",0503-5798-3452,모름,정기휴무-매주(월)
1208316,스시심타카이,부산광역시 금정구 장전동 414-23 ,일본음식/초밥,"['스시오마카세', '점심']","['60,000 원', '40,000 원']",0503-5798-2858,o,정기휴무-매주(일)
1116076,스시츠바키,서울특별시 강남구 신사동 640-2,일본음식/초밥,"['점심 오마카세', '저녁 스시 오마카세', '저녁 사시미 오마카세']","['50,000 원', '80,000 원', '110,000 원']",02-545-9149,모름,모름
1099901,스시유리,서울특별시 강남구 삼성동 154,일본음식/초밥,"['런치 오마카세', '디너 오마카세']","['80,000 원', '170,000 원']",0503-5798-2415,모름,모름
479614,스시아이,대전광역시 유성구 봉명동 445-4 리베라 아이누리2 도시형생활주택 ,일본음식/초밥,"['스시오마카세(런치)', '사시미스시오마카세']","['90,000 원', '170,000 원']",042-482-1005,o,연중무휴
1041611,스시코에,서울특별시 서초구 방배동 866-20,일본음식/초밥,['디너 오마카세'],"['100,000 원']",0503-5798-2061,o,정기휴무-매주(일)
1023469,슌사이 쿠보,부산광역시 북구 화명동 194,일본음식/초밥,"['오마카세 코스', ' 요세나베', '민물장어덮밥 ']","['60,000 원', '28,000 원', '18,000 원']",051-365-2959,x,정기휴무-매주(일)
842782,스시마이,서울특별시 강남구 신사동 634-1,일본음식/초밥,"['런치 스시 오마카세', '디너 스시오마카세']","['110,000 원', '230,000 원']",02-6925-3126,모름,정기휴무-매주(일)
1253261,심야섭식당,서울특별시 마포구 망원동 394-87   ,일본음식/초밥,['오마카세 '],"['48,000 원']",0503-5798-3015,모름,정기휴무-매주(월)
1244934,스시카나,서울특별시 강남구 신사동 583-3,일본음식/초밥,"['디너 스시 오마카세', '디너 사시미 오마카세 ']","['88,000 원', '110,000 원']",02-6407-4060,모름,모름
1071652,니꾸바시야,서울특별시 송파구 방이동 99-22,일본음식/초밥,"['부채살', '업진살']","['20,000 원', '24,000 원']",0503-5798-2247,모름,모름
1269664,호시쿠,서울특별시 강남구 청담동 19-2   ,일본음식/초밥,"['런치 오마카세', '디너오마카세', '호시쿠오마카세']","['55,000 원', '135,000 원', '180,000 원']",02-540-1888,모름,정기휴무-매주(일)
1269506,스시윤슬,서울특별시 서초구 서초동 1554-5,일본음식/초밥,"['런치 오마카세', '디너 오마카세']","['55,000 원', '80,000 원', '120,000 원']",0503-5798-3074,o,정기휴무-매주(일)
1208647,소류,서울특별시 송파구 방이동 104-13,일본음식/초밥,"['소류 오마카세', '단품메뉴']","['65,000 원', '0 원']",02-415-3777,모름,모름
1207427,스시쿠도쿠,부산광역시 북구 구포동 119-2 스시쿠도쿠,일본음식/초밥,['스시오마카세'],"['40,000 원']",0503-5798-3172,모름,정기휴무-매주(월)
1151120,아오미,경상북도 포항시 남구 연일읍 유강리 600-18,일본음식/초밥,"['스시', '아오미 오마카세', '오마카세 1인']","['20,000 원', '30,000 원', '70,000 원']",054-277-5537,x,연휴-추석 당일
1042260,나오키,서울특별시 강서구 등촌동 678-1,일본음식/초밥,['오마카세'],"['88,000 원']",0503-5798-2065,o,정기휴무-매주(월)
754901,우스시게,서울특별시 종로구 관철동 43-1   ,일본음식/초밥,"['오마카세 ', '오마카세', '오마카세']","['50,000 원', '70,000 원', '90,000 원']",02-776-8866,모름,모름
370120,이춘복스시,서울특별시 서초구 서초동 1317,일본음식/초밥,"['일반초밥(점심)', '히레까스(점심)', '오마카세 A', '모둠사시미']","['10,000 원', '7,000 원', '28,000 원', '40,000 원']",02-591-4558,모름,연중무휴
1212075,스시키즈나,서울특별시 종로구 소격동 159,일본음식/초밥,"['런치 오마카세', '디너 오마카세']","['110,000 원', '220,000 원']",02-722-0411,x,"정기휴무-매월 마지막주(일),정기휴무-매주(월)"
1199744,네기스키야키,서울특별시 강남구 신사동 603,일본음식/초밥,"['네기 스키야키', '토마토 스키야키', '디너 오마카세', '스테이크동', '니단쥬']","['70,000 원', '70,000 원', '120,000 원', '38,000 원', '58,000 원']",02-543-1060,o,모름
480526,스시담,광주광역시 광산구 수완동 1414 ,일본음식/초밥,"['담 모듬초밥', '참치 코스 골드']","['20,000 원', '50,000 원']",062-956-1254,모름,정기휴무-매월 둘째주(월)
1280898,스시메르,서울특별시 공평동 63   ,일본음식/초밥,"['런치 스시 오마카세', '디너 스시오마카세']","['120,000 원', '200,000 원']",02-722-4330,모름,정기휴무-매주(토)
1269779,스시상현,서울특별시 강남구 청담동 20-30 ,일본음식/초밥,['디너 프리미엄 코스'],"['330,000 원']",02-545-2030,모름,모름
1268625,스시엔,충청남도 천안시 서북구 불당동 1489-1,일본음식/초밥,"['런치 ', '디너']","['30,000 원', '75,000 원']",041-567-1177,모름,모름
823953,토리준,서울특별시 강남구 청담동 13 지하 1층,일본음식/초밥,['야키토리 오마카세 5종'],"['35,000 원']",02-546-4180,모름,모름
369802,구마스시,서울특별시 종로구 신문로1가 163,일본음식/초밥,"['런치', '디너', '포장']","['40,000 원', '60,000 원', '40,000 원']",02-735-2500,모름,모름
434126,스시분초,인천광역시 서구 심곡동 279-12 스시분초,일본음식/초밥,"['런치 스시코스', '디너 스시코스 A', '디너 스시코스 B']","['20,000 원', '25,000 원', '35,000 원']",070-7856-2288,모름,정기휴무-매주(일)
1110880,스시아오타,서울특별시 강남구 논현동 101-8,일본음식/초밥,"['런치스시', '디너오마카세']","['100,000 원', '220,000 원']",02-511-7934,모름,모름
373956,두사라,서울특별시 강남구 신사동 511-17 1F,일본음식/초밥,"['두사라 세트 (1인)', '두사라 카운터 오마카세 (1인)', '두사라 세트 (1인)', '두사라 카운터 오마카세 (1인)']","['50,000 원', '99,000 원', '50,000 원', '99,000 원']",02-511-1007,모름,연중무휴
1271429,알고리즘,서울특별시 신사동 652-3 YK빌딩  ,일본음식/초밥,"['런치 코스', '디너코스']","['80,000 원', '130,000 원']",070-8845-3869,모름,모름
777991,재패니즈다이닝안심,서울특별시 강남구 역삼동 699-3,일본음식/초밥,"['사시미모둠 2인', '사시미모둠 3인', '사시미모둠 4인', '오마카세 1인', '옥돔숯불구이', '옥돔숯불구이 절반', '자연산 우럭구이', '안심마끼', '안심마끼 절반']","['38,000 원', '55,000 원', '72,000 원', '70,000 원', '32,000 원', '17,000 원', '22,000 원', '22,000 원', '13,000 원']",070-8808-0618,모름,모름
576825,우타,경기도 안양시 동안구 관양동 1707-10,일본음식/초밥,[],[],031-424-4234,모름,모름
365949,한참치2호점,경기도 용인시 기흥구 보정동 1184-4,일본음식/초밥,"['참치회 정식', '런치 코스 A정식']","['25,000 원', '14,000 원']",031-889-4875,모름,정기휴무-매주(일)
372123,Sushi On Jones,"348 Bowery, New York, 10012 United States",일본음식/초밥,['Omakase'],['50 달러'],+1-917-270-1815,모름,연중무휴
482643,갓포하루 ,서울특별시 중구 태평로2가 150 지하2층,일본음식/초밥,"['스페셜 갓포하루 오마카세', '스시(10EA)', '회덮밥', '오마카세', '사시미정식코스- 런치코스요리', '스시정식코스- 런치코스요리', '스시스페셜, 왕새우, 튀김, 우동', '스시, 튀김, 우동']","['80,000 원', '15,000 원', '10,000 원', '12,000 원', '50,000 원', '40,000 원', '29,000 원', '22,000 원', '15,000 원']",모름,모름,모름
479665,스시오니,대전광역시 서구 둔산동 1309,일본음식/초밥,"['LUNCH 오마카세', 'DINNER 오마카세']","['70,000 원', '130,000 원']",042-472-3355,모름,연중무휴
1088778,쿠시마사 판교,경기도 성남시 분당구 백현동 582-1   ,일본음식/초밥,['쿠시아게 오마카세(저녁만가능)'],"['120,000 원']",0503-5798-3128,모름,모름
370345,거옥,부산광역시 중구 남포동2가 30-3,일본음식/초밥,"['거옥 오마카세', '밍크고래 코스요리', '밍크고래 모듬 소', '랍스타 코스요리']","['120,000 원', '55,000 원', '80,000 원', '80,000 원']",051-242-9060,모름,연중무휴
872415,스시사이,서울특별시 용산구 이촌동 301-18 B1층,일본음식/초밥,"['점심 오마카세', '점심 사시미+스시코스', '저녁스시코스', '점심 스시코스', '점심 오마카세', '점심 스시코스 (Room)', '점심 사시미+스시코스(Room)', '저녁 오마카세', '저녁 스시코스 (Room)', '저녁 사시미+스시코스 (Room)', '점심 스시 포장', '저녁 스시 포장', '후토마키']","['60,000 원', '60,000 원', '55,000 원', '55,000 원', '95,000 원', '95,000 원', '45,000 원', '45,000 원', '60,000 원', '45,000 원', '55,000 원', '120,000 원', '95,000 원', '110,000 원', '35,000 원', '50,000 원', '35,000 원']",02-792-6748,모름,모름
450270,스시고산,경기 성남시 분당구 수내동 19-3 대덕프라자,일본음식/초밥,"['런치 오마카세', '도미머리찜', '포장']","['25,000 원', '25,000 원', '30,000 원']",7174353,모름,모름
866173,슈토3 슌야,서울특별시 서초구 서초동 1361-8,일본음식/초밥,['오마카세'],"['40,000 원']",02-6013-0215,모름,모름
428820,마스터스시,경상남도 통영시 광도면 죽림리 1570-7,일본음식/초밥,"['런치세트A', '디너세트A', '런치세트B', '디너세트B', '사시미세트A', '사시미세트B', '오늘의스시', '프리미엄스시', '스페셧스시', '오마카세', '소갈비살스시', '연어스시']","['13,800 원', '19,800 원', '15,800 원', '22,800 원', '28,500 원', '37,500 원', '12,800 원', '14,800 원', '17,800 원', '21,500 원', '18,500 원', '15,800 원']",055-645-8333,o,연중무휴
1118167,스시요로코부,인천광역시 연수구 송도동 23-5,일본음식/초밥,"['런치오마카세', '디너오마카세']","['45,000 원', '85,000 원']",032-834-6809,모름,"정기휴무-매월 둘째주(월),정기휴무-매월 넷째주(월),정기휴무-매주(일)"
1096361,나오스시,부산광역시 해운대구 중동 1766-3 ,일본음식/초밥,"['금토일 런치오마카세 1인', '디너오마카세 1인']","['55,000 원', '75,000 원']",051-741-3458,o,정기휴무-매주(화)
1270333,스시치우,서울특별시 강남구 대치동 943 ,일본음식/초밥,"['런치 오마카세', '디너 오마카세']","['110,000 원', '220,000 원']",02-552-8857,모름,정기휴무-매주(화)
1118058,스시 히나타,서울특별시 강남구 논현동 144-20 1층,일본음식/초밥,"['스시 오마카세A(11pc+우동)', '스시 오마카세B(13pc+우동)', '사시미(16pc+우동)', '점심 특선- 히나타 정식', '점심 특선- 스시 정식']","['16,000 원', '26,000 원', '36,000 원', '9,000 원', '10,000 원']",02-540-2462,모름,모름
807995,어리숙회,서울특별시 강남구 논현동 196-10,일본음식/초밥,"['점심식사', '오마카세(코스) 4인상/인당', '오마카세(코스)', '한상차림(오마카세) 3인기준', '거북손해물파스타', '점시포장(도시락)', '오마카세(코스) 3인상/인당', '오마카세(코스) 2인상/인당']","['8,000 원', '44,000 원', '44,000 원', '300,000 원', '25,000 원', '6,000 원', '48,000 원', '52,000 원']",0503-5798-1040,모름,모름
1283028,스시금강 서초,서울특별시 서초동 1603-69  12동 상가 ,일본음식/초밥,"['디너 오마카세', '런치 오마카세']","['80,000 원', '45,000 원']",02-586-7001,모름,모름
1271432,스시오오모토,서울특별시 성동구 성수동1가 8-19 ,일본음식/초밥,"['런치오마카세', '디너오마카세']","['45,000 원', '75,000 원']",02-466-6906,모름,정기휴무-매주(일)
1269887,스시 키와메,경기도 의정부시 민락동 843-2 ,일본음식/초밥,"['런치 오마카세 B', '런치 오마카세 C', '런치 오마카세 D', '디너 오마카세 A', '디너 오마카세 B']","['55,000 원', '80,000 원', '100,000 원', '60,000 원', '80,000 원']",031-853-4628,모름,정기휴무-매주(일)
1269777,스시금강,서울특별시 강서구 마곡동 774-11,일본음식/초밥,"['런치 오마카세', '디너 오마카세', '스폐셜 오마카세']","['50,000 원', '80,000 원', '110,000 원']",0503-5798-3130,모름,모름
1265244,플라넌,서울특별시 강남구 대치동 945-29,일본음식/초밥,"['런치 오마카세', '디너 오마카세 A', '디너 오마카세 B', '당일 재료 구성에 따른 맞춤형 단품']","['55,000 원', '150,000 원', '90,000 원']",02-3452-9797,o,정기휴무-매주(일)
1216103,스시코우,부산광역시 수영구 민락동 31-19 1층,일본음식/초밥,"['런치 오마카세', '디너 오마카세']","['38,000 원', '65,000 원']",070-4388-0909,모름,정기휴무-매주(목)
1205297,스시온도,서울특별시 은평구 응암동 113-35 ,일본음식/초밥,"['런치오마카세', '디너오마카세']","['35,000 원', '70,000 원']",0503-5798-3208,모름,"정기휴무-매주(월,일)"
1194874,스시소라 마포점,서울특별시 마포구 도화동 563 ,일본음식/초밥,"['런치 카운터 오마카세', '디너 카운터 오마카세', '점심 스시 코스', '점심 사시미 오마카세', '저녁 스시 코스']","['50,000 원', '80,000 원', '35,000 원', '60,000 원', '55,000 원']",02-701-2200,모름,모름
623920,일보,경기도 수원시 팔달구 화서동 722-1,일본음식/초밥,"['우동메밀정식', '런치일보정식', '런치오마카세', '디너일보정식', '디너오마카세', '사시미모리아와세']","['10,000 원', '16,000 원', '35,000 원', '24,000 원', '45,000 원', '40,000 원', '140,000 원']",031-292-0723,모름,정기휴무-매주(월)
441707,하나스시,경기도 성남시 분당구 삼평동 678 ,일본음식/초밥,"['디너 오마카세 A코스', '디너 오마카세 B코스', '런치 오마카세', '런치 스시 셋트', '런치 특선 - 생우동 셋트']","['65,000 원', '90,000 원', '45,000 원', '25,000 원', '25,000 원']",031-696-1795,모름,정기휴무-매주(일)
1091654,와려,서울특별시 강남구 대치동 950-11 2층 2호,일본음식/초밥,['오마카세 CORUSE'],"['90,000 원']",02-508-2648,o,정기휴무-매주(일)
953328,카코우,경기도 구리시 인창동 701,일본음식/초밥,"['스시오마카세', '오마카세A, B']","['25,000 원', '35,000 원', '50,000 원']",031-563-2015,모름,정기휴무-매주(일)
1271489,스시욘즈,서울특별시 강남구 삼성동 155-11 ,일본음식/초밥,"['런치 오마카세', '디너 오마카세']","['50,000 원', '100,000 원']",0503-5798-3495,모름,모름
1271466,이시키,경기도 남양주시 와부읍 도곡리 985 ,일본음식/초밥,"['런치오마카세', '디너오마카세']","['25,000 원', '35,000 원']",0503-5798-3489,모름,정기휴무-매주(월)
1228460,스시미소,서울특별시 영등포구 여의도동 13-21 지하1층 110-1호,일본음식/초밥,"['런치 오마카세', '디너 오마카세']","['38,000 원', '70,000 원']",0503-5798-2939,모름,모름
1228573,스시다원,서울특별시 송파구 삼전동 4,일본음식/초밥,"['런치 오마카세', '디너 오마카세']","['50,000 원', '90,000 원']",02-425-6906,모름,모름
1208713,스시 이세이,경기도 수원시 영통구 영통동 1007-11,일본음식/초밥,"['디너 오마카세', '런치 오마카세 (카운터)', '런치 스시 (테이블)']","['66,000 원', '44,000 원', '25,000 원']",0503-5798-3133,모름,정기휴무-매주(일)
1113165,토겐,서울특별시 양천구 목동 961 206동 117호,일본음식/초밥,"['저녁오마카세', '점심오마카세']","['85,000 원', '45,000 원']",0503-5798-3546,o,정기휴무-매주(월)
1023282,미가도,경기도 용인시 기흥구 중동 1111,일본음식/초밥,"['A코스2인', 'B코스 2인', 'A코스 3인', 'B코스 3인', 'A코스 4인', 'B코스 4인', '미가도스폐셜', '미가도 프리미엄', '미가도 VIP', '대게', '킹크랩', '랍스타', '털게', '홍게', '모듬숙성회', '연어회', '민물장어한판', '대하장', '오마카세(가족모임)', '오마카세(사모님모임)', '오마카세(직장회식)', '오마카세(상견례)', '숙성회덮밥', '연어회덮밥', '알밥', '알탕', '대구탕', '물회국수', '해물라면', '초밥', '특초밥', '간고등어구이', '갈치구이', '코다리정식', '미가도 런치A', '미가도 런치B']","['70,000 원', '100,000 원', '100,000 원', '140,000 원', '140,000 원', '200,000 원', '100,000 원', '150,000 원', '200,000 원', '45,000 원', '30,000 원', '45,000 원', '30,000 원', '8,000 원', '8,000 원', '10,000 원', '10,000 원', '10,000 원', '10,000 원', '10,000 원', '15,000 원', '20,000 원', '13,000 원', '13,000 원', '13,000 원', '20,000 원', '30,000 원']",모름,모름,모름
873869,갓포 본,경상북도 구미시 황상동 318-15,일본음식/초밥,"['런치 본정식', '디너 오마카세', '런치 오마카세', '스페셜 오마카세', '2인 사시미', '3인 사시미', '4인 사시미']","['10,000 원', '50,000 원', '30,000 원', '70,000 원', '35,000 원', '55,000 원', '70,000 원']",0503-5798-1383,모름,모름
768857,스시153,부산광역시 남구 문현동 1229-1,일본음식/초밥,"['지라시스시 세트', '니기리스시 세트', '사시미정식 세트', '스시 오마카세 코스', '사시미 오마카세 코스']","['16,000 원', '20,000 원', '20,000 원', '36,000 원', '39,000 원']",051-632-5153,모름,모름
429216,문스시,부산광역시 해운대구 좌동 1341-22,일본음식/초밥,"['런치 오마카세 문 스시', '오마카세 스 스시', '오마카세 사시미 쯔루', '오마카세 사시미 카메']","['55,000 원', '80,000 원', '120,000 원', '90,000 원', '130,000 원']",051-744-3316,모름,모름
1271398,스시카부,부산광역시 북구 덕천동 417-27,일본음식/초밥,['오마카세'],"['55,000 원']",0503-5798-3473,모름,정기휴무-매주(일)
1270165,코우엔,서울특별시 서초구 방배동 426-1,일본음식/초밥,"['점심 지라시 즈시', '저녁 오마카세']","['30,000 원', '88,000 원']",0503-5798-3271,모름,정기휴무-매주(월)
1269853,스시이타루,서울특별시 강남구 신사동 640-13,일본음식/초밥,"['런치 오마카세', '디너 오마카세']","['80,000 원', '150,000 원']",02-548-5048,모름,정기휴무-매주(일)
1269683,상석,서울특별시 강남구 신사동 566-22,일본음식/초밥,"['상석 오마카세', '오츠마미코스']","['90,000 원', '45,000 원']",070-4680-4599,모름,정기휴무-매주(일)
1247232,으뜸이로리바타,부산광역시 수영구 남천동 20-57 ,일본음식/초밥,['오마카세'],"['68,000 원']",0503-5798-3210,x,"정기휴무-매월 둘째주(월),정기휴무-매주(일)"
1229179,안덕스시,부산광역시 해운대구 중동1515-1,일본음식/초밥,['오마카세'],"['75,000 원']",0503-5798-2942,모름,"정기휴무-매주(일,목)"
1227012,스시산블루,서울특별시 용산구 한강로3가 40-999 ,일본음식/초밥,"['카이센동', '런치스시오마카세', '디너스시오마카세']","['17,000 원', '45,000 원', '70,000 원']",02-2012-2766,모름,모름
1218519,스시카네,서울특별시 서초구 서초동 1694-3 ,일본음식/초밥,"['스시A', '스시B', '스시C']","['26,000 원', '33,000 원', '38,000 원']",02-594-9955,모름,모름
1166240,스시호센,서울특별시 종로구 사직동 9 풍림스페이스본 상가 B106호,일본음식/초밥,"['런치 오마카세', '디너 오마카세']","['50,000 원', '85,000 원']",02-733-5451,모름,정기휴무-매주(일)
1159574,쿠시아게진,서울특별시 강남구 청담동 19-36,일본음식/초밥,['쿠시아게진 오마카세'],"['120,000 원']",0503-5798-2649,모름,정기휴무-매주(일)
1088548,와사이 진,서울특별시 강남구 논현동 108,일본음식/초밥,['디너오마카세'],"['100,000 원']",02-511-2173,모름,정기휴무-매주(일)
1050368,스시코하쿠,제주특별자치도 제주시 노형동 138-2 ,일본음식/초밥,"['Lunch - 오마카세', 'Dinner - 오마카세', '콜키지']","['60,000 원', '150,000 원', '30,000 원']",064-748-8018,o,정기휴무-매주(일)
1014900,젠또요요,서울특별시 강남구 청담동 85-6 2층,일본음식/초밥,"['런치 카운터 스시오마카세', '디너 카운터 스시오마카세', '디너 카운터 사시미오마카세']","['70,000 원', '130,000 원', '150,000 원']",02-543-7508,모름,모름
998997,하루,서울특별시 영등포구 여의도동 25 씨티플라자 3층 하루158,일본음식/초밥,[],[],02-761-7889,모름,모름
699124,스시카메,경상북도 안동시 정하동 289-6,일본음식/초밥,"['디너 오마카세', '디너 사시미 코스', '스시코스', '런치 스시세트', '런치 스시코스']","['80,000 원', '55,000 원', '35,000 원', '20,000 원', '30,000 원']",054-856-5557,모름,정기휴무-매주(일)
786427,현스시,서울특별시 용산구 이촌동 301-162,일본음식/초밥,"['런치 오마카세 스시', '디너 오마카세 스시', '사시미', '모둠초밥 포장']","['50,000 원', '60,000 원', '100,000 원', '40,000 원']",02-793-7763,모름,모름
1261788,갓포준 x 에스테반,서울특별시 강남구 신사동 570-6,일본음식/초밥,['오마카세'],"['95,000 원']",02-6326-0307,모름,모름
342128,다이와 스시,東京都中央区築地5-2-1,일본음식/초밥,['10pcs'],"['35,000 원']",+81 03-3547-6807,모름,모름
1283019,스시미즈테이,서울특별시 신당동 372-445   ,일본음식/초밥,"['런치 스시 오마카세', '디너 스시 오마카세']","['50,000 원', '100,000 원']",모름,모름,모름
1271210,스시오타루,제주특별자치도 제주시 아라일동 6117-8,일본음식/초밥,"['사시미오마가세_1인', '스시오마가세_1인', '초밥도시락', '스시오마카세도시락', '사시미오마카세도시락']","['50,000 원', '35,000 원', '20,000 원', '35,000 원', '50,000 원']",064-752-5271,모름,모름
1270087,거북이의꿈,서울특별시 마포구 연남동 387-31   ,일본음식/초밥,"['카이센마제소바(기본)', '오마카세']","['15,000 원', '50,000 원']",02-336-2633,모름,정기휴무-매주(월)
1269945,김영태스시L,부산광역시 부산진구 부전동 503-15 ,일본음식/초밥,"['김영태스시 무한리필', '최실장스시(16P)', '김영태스시오마카세(23P)']","['35,000 원', '20,000 원', '33,000 원']",051-810-4030,모름,모름
1269748,야키토리 미식서울,서울특별시 마포구 연남동 224-60,일본음식/초밥,"['오마카세 코스', '츠쿠네', '난코츠', '참마', '토마토 샐러드']","['20,000 원', '2,500 원', '2,500 원', '2,500 원', '8,000 원']",0503-5798-3123,모름,정기휴무-매주(월)
1266382,스시코미치,서울특별시 마포구 동교동 200-33,일본음식/초밥,"['런치', '디너']","['40,000 원', '70,000 원']",0503-5798-3111,모름,정기휴무-매주(일)
1208856,스미토라,서울특별시 성동구 성수동2가 316-19 ,일본음식/초밥,"['전채 / 사시미 / 튀김 / 구이 / 나베 / 야끼토리', '디너 오마카세']","['10,000 원', '30,000 원', '35,000 원', '55,000 원']",02-6406-1119,모름,정기휴무-매주(일)
1127353,갓포호빈,서울특별시 강남구 청담동 124-14,일본음식/초밥,"['마구로코스', '단품메뉴', '사시미오마카세']","['65,000 원', '15,000 원', '95,000 원']",02-549-7776,모름,모름
998368,야키토리 분라쿠,"６-12-1 上野 Taitō, Tokyo 110-0005",일본음식/초밥,['오마카세'],['850 엔'],+81 3-3832-0319,모름,모름
997208,스시쇼부 2호점,서울특별시 은평구 응암동 85-4,일본음식/초밥,['오마카세'],"['44,000 원']",02-386-0045,모름,모름
873736,초밥집,전라북도 전주시 완산구 고사동 242-1   ,일본음식/초밥,"['오늘의 초밥 10pcs', '특선 초밥 12pcs', '오마카세 12pcs(뱃살위주)', '생선회 덮밥', '참치회 덮밥']","['12,000 원', '18,000 원', '23,000 원', '8,000 원', '8,000 원']",063-271-0741,모름,모름
805699,동경오이시,대전광역시 서구 관저동 1283,일본음식/초밥,"['오마카세/1人', '(특)오마카세/1인', '참치머리사시미세트', '미소메로구이', '물회']","['28,000 원', '35,000 원', '55,000 원', '18,000 원', '35,000 원']",042-544-7337,모름,모름
458456,안치순 식당,충청북도 청주시 상당구 서문동 224-19,일본음식/초밥,[],[],0503-5798-0543,모름,모름
459011,스시쿠마 본점,광주광역시 남구 방림동 533-17,일본음식/초밥,"['오마카세', '쿠미초밥']","['28,000 원', '28,000 원', '9,500 원', '9,500 원']",062-654-7676,모름,모름
380703,鮨安吉,"4 Chome-3-11 Hakata Ekimae, Hakata Ward, Fukuoka, Fukuoka Prefecture 812-0011 일본",일본음식/초밥,[],[],81-92-437-8111,모름,정기휴무-매주(일)
1115563,송우종 다이닝,서울특별시 강남구 신사동 645-16,일본음식/초밥,"['코사카 테이스팅 코스 (디너)', '코토부키 코스 (디너)', '런치 A 코스', '런치 B코스']","['148,000 원', '98,000 원', '45,000 원', '75,000 원']",02-517-9993,모름,정기휴무-매주(일)
999364,굿또스시,대구광역시 중구 삼덕동3가 277-2 1층 굿또스시,일본음식/초밥,[],[],053-255-3534,모름,모름
817879,갓포현,부산광역시 부산진구 부전동 232-15,일본음식/초밥,"['사시미 모리아와세 소', '사시미 모리아와세 중', '수제 야끼교자', '생선구이', '가키 후라이(굴튀김)', '함박 스테이크', '탄탄 나베', '오마카세코스 1인 가격', '갓포현 준마이 스페셜']","['29,000 원', '49,000 원', '8,000 원', '13,000 원', '10,000 원', '15,000 원', '15,000 원', '49,000 원', '35,000 원']",051-804-7757,모름,모름
1271274,야키토리묵 신사점,서울특별시 강남구 신사동 512-11 ,일본음식/초밥,['오마카세'],[],070-4134-3433,모름,정기휴무-매주(일)
